<?xml version="1.0"?>
<doc>
    <assembly>
        <name>PagedList.EntityFramework</name>
    </assembly>
    <members>
        <member name="M:PagedList.EntityFramework.PagedListExtensions.ToPagedListAsync``1(System.Linq.IQueryable{``0},System.Int32,System.Int32)">
            <summary>
            Creates a subset of this collection of objects that can be individually accessed by index and containing metadata about the collection of objects the subset was created from.
            </summary>
            <typeparam name="T">The type of object the collection should contain.</typeparam>
            <param name="superset">The collection of objects to be divided into subsets. If the collection implements <see cref="T:System.Linq.IQueryable`1"/>, it will be treated as such.</param>
            <param name="pageNumber">The one-based index of the subset of objects to be contained by this instance.</param>
            <param name="pageSize">The maximum size of any individual subset.</param>
            <returns>A subset of this collection of objects that can be individually accessed by index and containing metadata about the collection of objects the subset was created from.</returns>
            <seealso cref="T:PagedList.EntityFramework.PagedList`1"/>
        </member>
    </members>
</doc>
